Dataset	amazon	dsc	dynasent	imdb	semeval	sst5	yelp
Acc	73.50400987045035	84.51131731853265	55.486111111111114	83.348	61.27374951531601	72.16494845360825	71.80333333333333
