Dataset	amazon	dsc	dynasent	imdb	semeval	sst5	yelp
Acc	73.45003084515731	84.60671234064695	55.601851851851855	83.528	61.026560682435054	71.97750702905343	71.40666666666667
