Dataset	amazon	dsc	dynasent	imdb	semeval	sst5	yelp
Acc	81.08163684968126	85.31783886913537	70.64814814814815	82.172	64.03644823575029	63.54264292408622	62.00333333333333
