Dataset	amazon	dsc	dynasent	imdb	semeval	sst5	yelp
Acc	90.33004318322024	61.387066541705714	43.00925925925926	45.138888888888886	47.72088061293764	74.6954076850984	47.72088061293764
