Dataset	adv_civil	civil_comments	implicit_hate	toxigen
Acc	56.014580801944106	86.9327990135635	60.88919925512104	65.74468085106383
