Dataset	conll	ener	fewnerd	wnut
Precision	68.20309176003404	90.72043852779953	46.574962367940955	43.07561597281224
Recall	63.027522935779814	93.61616161616162	48.91628235671249	29.49389179755672
F1	65.51324841632041	92.14555577649631	47.71691931575095	35.01381215469613
Acc	93.4641107256536	99.51806345803213	85.2636124168335	93.78170466581192
