Dataset	anli	contract_nli	mnli	wanli
Acc	31.34375	27.546628407460545	33.29597554763118	47.48
