Dataset	anli	contract_nli	mnli	wanli
Acc	29.53125	35.77235772357724	82.11920529801324	54.06
