Dataset	conll	ener	fewnerd	wnut
Precision	72.75320970042796	49.162561576354676	56.65129941658847	66.55172413793103
Recall	60.15727391874181	40.323232323232325	50.58247546608966	33.682373472949386
F1	65.85838295430088	44.306326304106555	53.445156919950435	44.727694090382386
Acc	92.70054719072995	95.54254510138077	86.37664369216415	95.21155025363733
