Dataset	amazon	dsc	dynasent	imdb	semeval	sst5	yelp
Acc	85.75210775241621	87.95421038938514	43.773148148148145	90.14	40.5825901512214	57.357075913776946	62.38
