Dataset	amazon	dsc	dynasent	imdb	semeval	sst5	yelp
Acc	85.0092535471931	88.69135374208655	44.375	90.164	41.13028305544785	57.7319587628866	63.026666666666664
