Dataset	advqa	searchqa	squad
Exact Match	15.033333333333333	75.37432968869699	52.5922421948912
F1	20.720509304788532	80.2554340676767	62.70153417712758
