Dataset	amazon	dsc	dynasent	imdb	semeval	sst5	yelp
Acc	75.73000205634382	89.02957245685543	45.6712962962963	85.76	45.52151996898022	65.5107778819119	86.68666666666667
