Dataset	advqa	searchqa	squad
Exact Match	17.7	5.877846646702417	77.16177861873226
F1	27.250188371161883	11.62259858478213	85.60595179671971
