Dataset	anli	contract_nli	mnli	wanli
Acc	42.375	44.04591104734577	71.27865511971473	49.68
