Dataset	amazon	dsc	dynasent	imdb	semeval	sst5	yelp
Acc	85.50277606415793	90.42580868961929	44.18981481481482	85.92	49.13241566498643	67.94751640112464	81.76
