Dataset	advqa	searchqa	squad
Exact Match	29.2	15.398008217842468	69.97161778618732
F1	38.318576545471835	19.655154312741104	78.81967314903194
