Dataset	conll	ener	fewnerd	wnut
Precision	89.54650269023828	44.96083550913838	52.157985655999404	34.74576271186441
Recall	91.61205766710354	69.57575757575758	56.533269220961834	38.161721931355444
F1	90.56750453485358	54.623314829500394	54.25756558706718	36.37371777100083
Acc	97.8970709202103	95.7184611014907	86.39505285163663	93.1490049612576
