Dataset	advqa	searchqa	squad
Exact Match	16.533333333333335	26.770666480952713	67.18070009460737
F1	26.672171650061735	33.407998522950024	79.95528741919964
