Dataset	adv_civil	civil_comments	implicit_hate	toxigen
Acc	77.34210526315789	36.035758323057955	49.62756052141527	60.95744680851064
