Dataset	amazon	dsc	dynasent	imdb	semeval	sst5	yelp
Acc	84.0916101172116	83.05437516260515	47.03703703703704	80.936	56.02462194649089	61.48078725398313	60.51
