Dataset	amazon	dsc	dynasent	imdb	semeval	sst5	yelp
Acc	78.47779148673658	89.36779117162432	44.861111111111114	85.852	45.72024040325708	65.69821930646673	86.60666666666667
