Dataset	conll	ener	fewnerd	wnut
Precision	69.73605278944211	50.53055250640321	76.76197814899413	40.973036342321215
Recall	60.94364351245085	55.7979797979798	81.28574446848658	40.66317626527051
F1	65.04406210658833	53.03379416282642	78.95911990856561	40.81751824817518
Acc	92.40549336575945	95.59751885141512	93.86242478508993	93.64513072077597
