Dataset	adv_civil	civil_comments	implicit_hate	toxigen
Acc	59.4078947368421	11.734484175914508	76.8854748603352	53.723404255319146
