Dataset	anli	contract_nli	mnli	wanli
Acc	32.0	47.63271162123386	58.79775853285787	68.04
