Dataset	adv_civil	civil_comments	implicit_hate	toxigen
Acc	66.32894736842105	71.34812988080559	61.778398510242084	72.65957446808511
