Dataset	adv_civil	civil_comments	implicit_hate	toxigen
Acc	73.42105263157895	81.47040690505548	56.890130353817504	62.659574468085104
